cierres de arrastre toma el	correctitud	SOSTENIDO	P3	alta
cierres de arrastre toma el	impacto	REFUTADO	P3	alta
cierres de arrastre toma el	negocio	REFUTADO	P3	alta
cierres por semana se filtra	correctitud	REFUTADO	P3	alta
cierres por semana se filtra	impacto	REFUTADO	P3	alta
cierres por semana se filtra	negocio	REFUTADO	P3	alta
cobertura medible todav a se	correctitud	REFUTADO	P3	alta
cobertura medible todav a se	impacto	REFUTADO	P3	alta
cobertura medible todav a se	negocio	REFUTADO	P3	alta
conversiones y metas usan po	correctitud	REFUTADO	P3	alta
conversiones y metas usan po	impacto	REFUTADO	P3	alta
conversiones y metas usan po	negocio	REFUTADO	P3	alta
crm conversion mensual sin c	correctitud	REFUTADO	P3	alta
crm conversion mensual sin c	impacto	REFUTADO	P3	alta
crm conversion mensual sin c	negocio	REFUTADO	P3	alta
crm cumplimiento metas fn de	correctitud	SOSTENIDO	P3	alta
crm cumplimiento metas fn de	impacto	REFUTADO	P3	alta
crm cumplimiento metas fn de	negocio	REFUTADO	P3	alta
crm metricas conversiones eq	correctitud	REFUTADO	P3	alta
crm metricas conversiones eq	impacto	REFUTADO	P3	alta
crm metricas conversiones eq	negocio	REFUTADO	P3	alta
crm metricas vendedores fn f	correctitud	SOSTENIDO	P1	alta
crm metricas vendedores fn f	impacto	REFUTADO	P3	alta
crm metricas vendedores fn f	negocio	REFUTADO	P3	alta
crm metricas vendedores fn n	negocio	REFUTADO	P3	alta
cuadra nunca puede valer nul	correctitud	SOSTENIDO	P3	alta
cuadra nunca puede valer nul	impacto	REFUTADO	P3	alta
cuadra nunca puede valer nul	negocio	REFUTADO	P3	alta
distribuci n recalcula en vi	correctitud	SOSTENIDO	P1	alta
distribuci n recalcula en vi	impacto	SOSTENIDO	P1	alta
distribuci n recalcula en vi	negocio	SOSTENIDO	P1	alta
distribuci n sirve el numera	correctitud	SOSTENIDO	P1	alta
distribuci n sirve el numera	impacto	SOSTENIDO	P1	alta
distribuci n sirve el numera	negocio	SOSTENIDO	P1	alta
divisor por motivo qued dege	correctitud	SOSTENIDO	P3	alta
divisor por motivo qued dege	impacto	REFUTADO	P3	alta
divisor por motivo qued dege	negocio	REFUTADO	P3	alta
dos reglas distintas para de	correctitud	REFUTADO	P3	alta
dos reglas distintas para de	impacto	REFUTADO	P3	alta
dos reglas distintas para de	negocio	REFUTADO	P3	alta
el agregado sin analista via	correctitud	REFUTADO	P3	alta
el agregado sin analista via	impacto	REFUTADO	P3	alta
el agregado sin analista via	negocio	REFUTADO	P3	alta
el bloque nucleo no declara	correctitud	REFUTADO	P3	alta
el bloque nucleo no declara	impacto	REFUTADO	P3	alta
el bloque nucleo no declara	negocio	REFUTADO	P3	alta
el campo legacy convertidos	correctitud	SOSTENIDO	P2	alta
el campo legacy convertidos	negocio	REFUTADO	P3	alta
el payload declara un solo p	correctitud	SOSTENIDO	P3	alta
el payload declara un solo p	impacto	REFUTADO	P3	alta
el payload declara un solo p	negocio	SOSTENIDO	P3	alta
el payload declara ventana c	correctitud	SOSTENIDO	P3	alta
el payload declara ventana c	negocio	REFUTADO	P3	alta
el rango ignora el ajuste po	correctitud	SOSTENIDO	P1	alta
el rango ignora el ajuste po	impacto	SOSTENIDO	P1	alta
el rango ignora el ajuste po	negocio	REFUTADO	P3	alta
el repo contiene una redefin	correctitud	REFUTADO	P3	alta
el repo contiene una redefin	impacto	REFUTADO	P3	alta
el repo contiene una redefin	negocio	REFUTADO	P3	alta
en el embudo clientes y cont	correctitud	REFUTADO	P3	alta
en el embudo clientes y cont	impacto	REFUTADO	P3	alta
en el embudo clientes y cont	negocio	REFUTADO	P3	alta
en el mismo payload conviven	correctitud	SOSTENIDO	P2	alta
en el mismo payload conviven	impacto	REFUTADO	P3	alta
en el mismo payload conviven	negocio	REFUTADO	P3	alta
la deduplicaci n de cartera	correctitud	SOSTENIDO	P3	alta
la deduplicaci n de cartera	impacto	SOSTENIDO	P1	alta
la deduplicaci n de cartera	negocio	REFUTADO	P3	alta
la deuda por cierre anulado	correctitud	SOSTENIDO	P1	alta
la deuda por cierre anulado	impacto	SOSTENIDO	P1	alta
la deuda por cierre anulado	negocio	SOSTENIDO	P1	alta
la foto sellada declara cier	correctitud	SOSTENIDO	P2	alta
la foto sellada declara cier	impacto	SOSTENIDO	P2	alta
la foto sellada declara cier	negocio	SOSTENIDO	P2	alta
la meta de la empresa se agr	correctitud	REFUTADO	P3	alta
la meta de la empresa se agr	impacto	REFUTADO	P3	alta
la meta de la empresa se agr	negocio	REFUTADO	P3	alta
la punter a se mide en ciclo	negocio	REFUTADO	P3	alta
la sonda de paridad compara	correctitud	SOSTENIDO	P2	alta
la sonda de paridad compara	impacto	SOSTENIDO	P2	alta
la sonda de paridad compara	negocio	REFUTADO	P3	alta
la sonda de paridad de distr	correctitud	SOSTENIDO	P2	alta
la sonda de paridad de distr	impacto	SOSTENIDO	P2	alta
la sonda de paridad de distr	negocio	REFUTADO	P3	alta
las deudas de quien sali del	correctitud	SOSTENIDO	P2	alta
las deudas de quien sali del	impacto	SOSTENIDO	P3	alta
las deudas de quien sali del	negocio	SOSTENIDO	P3	alta
las etapas del embudo son ba	correctitud	REFUTADO	P3	alta
las etapas del embudo son ba	impacto	REFUTADO	P3	alta
las etapas del embudo son ba	negocio	REFUTADO	P3	alta
los cierres de leads con ori	correctitud	SOSTENIDO	P2	alta
los cierres de leads con ori	impacto	REFUTADO	P3	media
los cierres de leads con ori	negocio	REFUTADO	P3	alta
metricas conversiones equipo	correctitud	REFUTADO	P3	alta
metricas conversiones equipo	correctitud	REFUTADO	P3	alta
metricas conversiones equipo	impacto	REFUTADO	P3	alta
metricas conversiones equipo	impacto	REFUTADO	P3	alta
metricas conversiones equipo	negocio	REFUTADO	P3	alta
metricas conversiones equipo	negocio	REFUTADO	P3	alta
private metricas cartera por	correctitud	SOSTENIDO	P3	alta
private metricas cartera por	impacto	REFUTADO	P3	alta
private metricas cartera por	negocio	SOSTENIDO	P3	alta
responsables mezcla dos porc	correctitud	SOSTENIDO	P2	alta
responsables mezcla dos porc	impacto	REFUTADO	P3	alta
responsables mezcla dos porc	negocio	REFUTADO	P3	alta
tendencia semanal ubica los	correctitud	SOSTENIDO	P3	alta
tendencia semanal ubica los	impacto	SOSTENIDO	P2	alta
tendencia semanal ubica los	negocio	REFUTADO	P3	alta
total analistas no incluye a	correctitud	REFUTADO	P3	alta
total analistas no incluye a	impacto	REFUTADO	P3	alta
total analistas no incluye a	negocio	REFUTADO	P3	alta
total referidos aporta pct s	correctitud	REFUTADO	P3	alta
total referidos aporta pct s	impacto	REFUTADO	P3	alta
total referidos aporta pct s	negocio	REFUTADO	P3	alta
un mes sellado se recalcula	correctitud	SOSTENIDO	P1	alta
un mes sellado se recalcula	impacto	SOSTENIDO	P1	alta
un mes sellado se recalcula	negocio	SOSTENIDO	P1	alta
ventana del rango hasta 1 vs	correctitud	REFUTADO	P3	alta
ventana del rango hasta 1 vs	impacto	REFUTADO	P3	alta
ventana del rango hasta 1 vs	negocio	REFUTADO	P3	alta
